event_id,event_date,entity_id,event_type,severity,estimated_impact
EV0001,2026-01-01,INT001,qa_check,Medium,13013
EV0002,2026-01-02,INT031,experiment,Low,29319
EV0003,2026-01-03,INT008,stakeholder_request,Medium,37005
EV0004,2026-01-04,INT033,handoff,High,40068
EV0005,2026-01-05,INT034,exception,High,23885
EV0006,2026-01-06,INT023,handoff,Low,31030
EV0007,2026-01-07,INT019,experiment,High,17468
EV0008,2026-01-08,INT018,handoff,High,37107
EV0009,2026-01-09,INT006,launch,High,28078
EV0010,2026-01-10,INT007,qa_check,Low,31996
EV0011,2026-01-11,INT024,experiment,Low,42302
EV0012,2026-01-12,INT035,stakeholder_request,Medium,29686
EV0013,2026-01-13,INT006,qa_check,High,35967
EV0014,2026-01-14,INT034,exception,Medium,34658
EV0015,2026-01-15,INT015,stakeholder_request,Low,41837
EV0016,2026-01-16,INT009,exception,Low,46825
EV0017,2026-01-17,INT006,exception,Low,14523
EV0018,2026-01-18,INT029,launch,Low,18170
EV0019,2026-01-19,INT005,qa_check,Low,7614
EV0020,2026-01-20,INT008,exception,Medium,18617
EV0021,2026-01-21,INT034,stakeholder_request,Medium,45032
EV0022,2026-01-22,INT003,qa_check,High,44618
EV0023,2026-01-23,INT025,handoff,Low,47097
EV0024,2026-01-24,INT019,qa_check,Medium,36950
EV0025,2026-01-25,INT020,qa_check,Low,17316
EV0026,2026-01-26,INT009,experiment,High,4743
EV0027,2026-01-27,INT004,experiment,Medium,26393
EV0028,2026-01-28,INT016,handoff,Low,49719
EV0029,2026-01-29,INT011,experiment,Low,44950
EV0030,2026-01-30,INT025,launch,Medium,33154
EV0031,2026-01-31,INT019,handoff,Medium,36975
EV0032,2026-02-01,INT019,stakeholder_request,Medium,18553
EV0033,2026-02-02,INT013,handoff,High,4981
EV0034,2026-02-03,INT026,qa_check,Low,48050
EV0035,2026-02-04,INT035,stakeholder_request,Low,38394
EV0036,2026-02-05,INT022,experiment,Low,25026
EV0037,2026-02-06,INT026,launch,Low,4647
EV0038,2026-02-07,INT004,qa_check,High,11940
EV0039,2026-02-08,INT004,handoff,High,16003
EV0040,2026-02-09,INT019,handoff,Low,16384
EV0041,2026-02-10,INT034,exception,Medium,24095
EV0042,2026-02-11,INT007,handoff,Medium,37857
EV0043,2026-02-12,INT004,handoff,High,35676
EV0044,2026-02-13,INT033,stakeholder_request,Medium,14754
EV0045,2026-02-14,INT003,experiment,Medium,22601
EV0046,2026-02-15,INT014,exception,Medium,32080
EV0047,2026-02-16,INT017,launch,High,41020
EV0048,2026-02-17,INT003,qa_check,Medium,17373
EV0049,2026-02-18,INT010,exception,High,44789
EV0050,2026-02-19,INT011,qa_check,Medium,6355
EV0051,2026-02-20,INT029,experiment,Low,11104
EV0052,2026-02-21,INT028,exception,Medium,51298
EV0053,2026-02-22,INT027,exception,High,17848
EV0054,2026-02-23,INT010,experiment,Low,29608
EV0055,2026-02-24,INT024,experiment,Low,15167
EV0056,2026-02-25,INT034,stakeholder_request,High,22130
EV0057,2026-02-26,INT022,handoff,High,12252
EV0058,2026-02-27,INT014,stakeholder_request,High,25169
EV0059,2026-02-28,INT013,qa_check,High,9847
EV0060,2026-03-01,INT026,exception,High,26232
EV0061,2026-03-02,INT021,launch,Low,38978
EV0062,2026-03-03,INT008,stakeholder_request,High,31488
EV0063,2026-03-04,INT026,exception,High,48392
EV0064,2026-03-05,INT001,handoff,High,44945
EV0065,2026-03-06,INT029,handoff,Medium,1225
EV0066,2026-03-07,INT020,stakeholder_request,Low,50853
EV0067,2026-03-08,INT035,qa_check,Medium,26380
EV0068,2026-03-09,INT021,qa_check,Medium,50811
EV0069,2026-03-10,INT029,qa_check,Low,6633
EV0070,2026-03-11,INT013,experiment,Low,1111
EV0071,2026-03-12,INT019,qa_check,Medium,45444
EV0072,2026-03-13,INT018,stakeholder_request,Low,10787
EV0073,2026-03-14,INT003,experiment,High,10003
EV0074,2026-03-15,INT019,experiment,Low,27888
EV0075,2026-03-16,INT030,stakeholder_request,High,4482
EV0076,2026-03-17,INT012,stakeholder_request,High,43968
EV0077,2026-03-18,INT006,qa_check,Low,22513
EV0078,2026-03-19,INT021,experiment,High,44302
EV0079,2026-03-20,INT002,stakeholder_request,Low,14881
EV0080,2026-03-21,INT025,experiment,Low,12804
EV0081,2026-03-22,INT006,launch,Medium,11939
EV0082,2026-03-23,INT027,experiment,Medium,43187
EV0083,2026-03-24,INT001,experiment,Low,43236
EV0084,2026-03-25,INT007,experiment,Medium,41318
EV0085,2026-03-26,INT030,exception,Low,8871
EV0086,2026-03-27,INT016,launch,Low,48811
EV0087,2026-03-28,INT003,experiment,Low,17564
EV0088,2026-03-29,INT006,handoff,Medium,3326
EV0089,2026-03-30,INT007,qa_check,Low,6937
EV0090,2026-03-31,INT014,experiment,Medium,17093
EV0091,2026-04-01,INT025,stakeholder_request,High,36529
EV0092,2026-04-02,INT020,launch,Low,40654
EV0093,2026-04-03,INT016,stakeholder_request,Low,17516
EV0094,2026-04-04,INT008,qa_check,Low,44822
EV0095,2026-04-05,INT017,exception,Low,12157
EV0096,2026-04-06,INT024,launch,High,51360
EV0097,2026-04-07,INT027,qa_check,Medium,21459
EV0098,2026-04-08,INT013,experiment,Low,12378
EV0099,2026-04-09,INT030,exception,High,33555
EV0100,2026-04-10,INT001,experiment,High,1949
EV0101,2026-04-11,INT003,handoff,Medium,23809
EV0102,2026-04-12,INT030,launch,Low,50446
EV0103,2026-04-13,INT034,qa_check,High,9631
EV0104,2026-04-14,INT006,stakeholder_request,Medium,33594
EV0105,2026-04-15,INT033,qa_check,Low,5518
EV0106,2026-04-16,INT006,qa_check,High,28242
EV0107,2026-04-17,INT015,exception,High,32811
EV0108,2026-04-18,INT015,exception,Medium,1855
EV0109,2026-04-19,INT010,stakeholder_request,High,29668
EV0110,2026-04-20,INT001,stakeholder_request,Low,20225
EV0111,2026-04-21,INT008,exception,Low,21761
EV0112,2026-04-22,INT028,handoff,Medium,46397
EV0113,2026-04-23,INT008,qa_check,Medium,38686
EV0114,2026-04-24,INT005,exception,Medium,51818
EV0115,2026-04-25,INT015,qa_check,High,33600
EV0116,2026-04-26,INT026,qa_check,Low,27706
EV0117,2026-04-27,INT036,stakeholder_request,Low,12066
EV0118,2026-04-28,INT004,handoff,Low,51129
EV0119,2026-04-29,INT036,qa_check,Medium,9626
EV0120,2026-04-30,INT033,experiment,Medium,45314
EV0121,2026-05-01,INT022,experiment,Low,21086
EV0122,2026-05-02,INT007,launch,Low,6666
EV0123,2026-05-03,INT025,launch,Low,36028
EV0124,2026-05-04,INT007,qa_check,High,29013
EV0125,2026-05-05,INT027,handoff,Low,26029
EV0126,2026-05-06,INT006,handoff,Medium,22060
EV0127,2026-05-07,INT031,stakeholder_request,High,38110
EV0128,2026-05-08,INT005,handoff,Low,51074
EV0129,2026-05-09,INT019,launch,High,33898
EV0130,2026-05-10,INT003,experiment,High,10278
EV0131,2026-05-11,INT005,exception,Medium,41007
EV0132,2026-05-12,INT007,exception,High,20468
EV0133,2026-05-13,INT013,qa_check,Medium,50138
EV0134,2026-05-14,INT001,handoff,High,5847
EV0135,2026-05-15,INT014,launch,High,18403
EV0136,2026-05-16,INT008,exception,Low,46583
EV0137,2026-05-17,INT029,qa_check,Low,30355
EV0138,2026-05-18,INT004,experiment,Low,13573
EV0139,2026-05-19,INT018,launch,Medium,50253
EV0140,2026-05-20,INT014,launch,Low,30442
EV0141,2026-01-01,INT009,qa_check,Medium,38031
EV0142,2026-01-02,INT005,exception,High,11752
EV0143,2026-01-03,INT004,qa_check,Low,16998
EV0144,2026-01-04,INT003,launch,Medium,28427
EV0145,2026-01-05,INT029,handoff,Low,41746
EV0146,2026-01-06,INT016,experiment,Medium,6901
EV0147,2026-01-07,INT020,qa_check,Medium,14787
EV0148,2026-01-08,INT021,experiment,Low,49488
EV0149,2026-01-09,INT005,exception,Low,21397
EV0150,2026-01-10,INT025,qa_check,Low,36964
EV0151,2026-01-11,INT019,handoff,Low,49693
EV0152,2026-01-12,INT034,stakeholder_request,High,6872
EV0153,2026-01-13,INT010,exception,Low,22914
EV0154,2026-01-14,INT029,experiment,Medium,20042
EV0155,2026-01-15,INT036,handoff,High,40934
EV0156,2026-01-16,INT030,handoff,Medium,30335
EV0157,2026-01-17,INT013,exception,Low,6982
EV0158,2026-01-18,INT021,stakeholder_request,Low,15103
EV0159,2026-01-19,INT001,launch,High,30091
EV0160,2026-01-20,INT007,qa_check,Low,5864
EV0161,2026-01-21,INT017,launch,Medium,6758
EV0162,2026-01-22,INT025,handoff,High,19206
EV0163,2026-01-23,INT018,handoff,Low,29826
EV0164,2026-01-24,INT011,experiment,High,42395
EV0165,2026-01-25,INT020,experiment,Medium,28087
EV0166,2026-01-26,INT015,stakeholder_request,High,22217
EV0167,2026-01-27,INT001,launch,Low,27100
EV0168,2026-01-28,INT014,exception,High,11529
EV0169,2026-01-29,INT003,qa_check,Low,1228
EV0170,2026-01-30,INT013,launch,High,10031
EV0171,2026-01-31,INT024,handoff,Medium,37896
EV0172,2026-02-01,INT018,experiment,Medium,14257
EV0173,2026-02-02,INT034,exception,High,41566
EV0174,2026-02-03,INT016,experiment,High,19286
EV0175,2026-02-04,INT030,experiment,High,7433
EV0176,2026-02-05,INT012,qa_check,High,23672
EV0177,2026-02-06,INT008,stakeholder_request,Low,40834
EV0178,2026-02-07,INT023,exception,Medium,37587
EV0179,2026-02-08,INT002,stakeholder_request,Medium,19385
EV0180,2026-02-09,INT036,exception,Medium,42692
EV0181,2026-02-10,INT003,launch,High,30830
EV0182,2026-02-11,INT026,qa_check,High,6719
EV0183,2026-02-12,INT027,launch,High,41605
EV0184,2026-02-13,INT035,qa_check,Low,4277
EV0185,2026-02-14,INT018,launch,High,32136
EV0186,2026-02-15,INT006,experiment,High,31871
EV0187,2026-02-16,INT006,exception,High,32338
EV0188,2026-02-17,INT025,qa_check,Low,32149
EV0189,2026-02-18,INT004,experiment,High,5841
EV0190,2026-02-19,INT033,launch,Medium,24353
EV0191,2026-02-20,INT002,launch,Medium,46440
EV0192,2026-02-21,INT020,stakeholder_request,Low,32009
EV0193,2026-02-22,INT035,exception,Low,11252
EV0194,2026-02-23,INT008,experiment,High,13813
EV0195,2026-02-24,INT019,qa_check,Medium,32602
EV0196,2026-02-25,INT022,launch,Low,3757
EV0197,2026-02-26,INT017,experiment,Medium,3120
EV0198,2026-02-27,INT016,exception,Low,48458
EV0199,2026-02-28,INT032,stakeholder_request,High,42563
EV0200,2026-03-01,INT015,experiment,Medium,44712
EV0201,2026-03-02,INT004,exception,Medium,40853
EV0202,2026-03-03,INT030,experiment,High,43770
EV0203,2026-03-04,INT018,launch,Medium,28332
EV0204,2026-03-05,INT034,launch,High,43826
EV0205,2026-03-06,INT007,launch,Low,34239
EV0206,2026-03-07,INT015,launch,Low,43229
EV0207,2026-03-08,INT016,exception,High,51405
EV0208,2026-03-09,INT008,handoff,Low,45410
EV0209,2026-03-10,INT031,experiment,High,4164
EV0210,2026-03-11,INT026,launch,High,15529
EV0211,2026-03-12,INT018,experiment,Medium,28486
EV0212,2026-03-13,INT008,stakeholder_request,High,46345
EV0213,2026-03-14,INT025,qa_check,High,34328
EV0214,2026-03-15,INT023,launch,High,12296
EV0215,2026-03-16,INT029,exception,Low,43703
EV0216,2026-03-17,INT026,qa_check,Medium,50806
EV0217,2026-03-18,INT024,launch,High,16967
EV0218,2026-03-19,INT009,handoff,Low,16808
EV0219,2026-03-20,INT030,stakeholder_request,Low,42828
EV0220,2026-03-21,INT002,handoff,High,21981
EV0221,2026-03-22,INT031,exception,Medium,16570
EV0222,2026-03-23,INT023,launch,Low,50214
EV0223,2026-03-24,INT002,experiment,High,42496
EV0224,2026-03-25,INT033,handoff,High,39784
EV0225,2026-03-26,INT012,handoff,Medium,15597
EV0226,2026-03-27,INT022,launch,High,20253
EV0227,2026-03-28,INT029,experiment,Low,30425
EV0228,2026-03-29,INT010,qa_check,Medium,46582
EV0229,2026-03-30,INT036,experiment,High,20701
EV0230,2026-03-31,INT022,handoff,Medium,33471
EV0231,2026-04-01,INT005,exception,Medium,20131
EV0232,2026-04-02,INT002,launch,High,4907
EV0233,2026-04-03,INT008,qa_check,Medium,14443
EV0234,2026-04-04,INT020,exception,Medium,37941
EV0235,2026-04-05,INT023,exception,Low,2649
EV0236,2026-04-06,INT036,experiment,Low,3678
EV0237,2026-04-07,INT032,qa_check,Low,10015
EV0238,2026-04-08,INT018,experiment,High,32483
EV0239,2026-04-09,INT003,qa_check,High,1255
EV0240,2026-04-10,INT018,exception,High,3917
EV0241,2026-04-11,INT002,exception,Low,2952
EV0242,2026-04-12,INT023,handoff,High,18379
EV0243,2026-04-13,INT018,exception,Low,23179
EV0244,2026-04-14,INT016,exception,Medium,47974
EV0245,2026-04-15,INT030,stakeholder_request,High,25858
EV0246,2026-04-16,INT034,launch,Medium,2597
EV0247,2026-04-17,INT028,experiment,Medium,11326
EV0248,2026-04-18,INT032,handoff,Low,5237
EV0249,2026-04-19,INT003,experiment,High,48621
EV0250,2026-04-20,INT003,qa_check,High,1003
EV0251,2026-04-21,INT021,exception,High,1995
EV0252,2026-04-22,INT003,launch,High,38858
EV0253,2026-04-23,INT016,stakeholder_request,Medium,33133
EV0254,2026-04-24,INT008,stakeholder_request,High,41587
EV0255,2026-04-25,INT004,launch,High,25100
EV0256,2026-04-26,INT002,launch,Medium,42469
EV0257,2026-04-27,INT035,handoff,Medium,39506
EV0258,2026-04-28,INT029,launch,Low,13177
EV0259,2026-04-29,INT034,experiment,Low,4385
EV0260,2026-04-30,INT021,handoff,High,3898
EV0261,2026-05-01,INT034,experiment,Low,23295
EV0262,2026-05-02,INT014,stakeholder_request,High,29160
EV0263,2026-05-03,INT031,qa_check,Low,18143
EV0264,2026-05-04,INT035,experiment,Medium,8393
EV0265,2026-05-05,INT029,experiment,Medium,44715
EV0266,2026-05-06,INT017,qa_check,High,18698
EV0267,2026-05-07,INT023,stakeholder_request,Low,44939
EV0268,2026-05-08,INT030,handoff,Low,35839
EV0269,2026-05-09,INT031,qa_check,High,14357
EV0270,2026-05-10,INT008,launch,Low,38951
EV0271,2026-05-11,INT031,stakeholder_request,Medium,18323
EV0272,2026-05-12,INT033,handoff,Low,15473
EV0273,2026-05-13,INT007,exception,High,5412
EV0274,2026-05-14,INT014,qa_check,Medium,20791
EV0275,2026-05-15,INT025,stakeholder_request,Medium,36053
EV0276,2026-05-16,INT032,experiment,Low,35107
EV0277,2026-05-17,INT011,experiment,Low,50884
EV0278,2026-05-18,INT003,stakeholder_request,Low,29524
EV0279,2026-05-19,INT028,experiment,High,2813
EV0280,2026-05-20,INT009,handoff,High,35348
EV0281,2026-01-01,INT005,launch,Low,43814
EV0282,2026-01-02,INT021,qa_check,Low,10609
EV0283,2026-01-03,INT001,experiment,High,45429
EV0284,2026-01-04,INT001,exception,Medium,18809
EV0285,2026-01-05,INT027,stakeholder_request,Low,49496
EV0286,2026-01-06,INT006,experiment,Low,50375
EV0287,2026-01-07,INT012,handoff,Low,1091
EV0288,2026-01-08,INT024,stakeholder_request,High,1839
EV0289,2026-01-09,INT006,stakeholder_request,High,51195
EV0290,2026-01-10,INT030,stakeholder_request,Medium,18739
EV0291,2026-01-11,INT020,qa_check,High,38571
EV0292,2026-01-12,INT027,qa_check,Medium,17731
EV0293,2026-01-13,INT006,experiment,Medium,4868
EV0294,2026-01-14,INT010,qa_check,Low,35927
EV0295,2026-01-15,INT006,qa_check,Low,43440
EV0296,2026-01-16,INT034,stakeholder_request,Low,16947
EV0297,2026-01-17,INT006,launch,Low,48382
EV0298,2026-01-18,INT020,exception,Medium,12193
EV0299,2026-01-19,INT006,handoff,Medium,33290
EV0300,2026-01-20,INT026,qa_check,High,24836
EV0301,2026-01-21,INT035,qa_check,High,41232
EV0302,2026-01-22,INT036,handoff,High,11534
EV0303,2026-01-23,INT030,stakeholder_request,High,6448
EV0304,2026-01-24,INT006,handoff,High,41852
EV0305,2026-01-25,INT020,handoff,Medium,31258
EV0306,2026-01-26,INT034,exception,Low,48915
EV0307,2026-01-27,INT023,experiment,Medium,48199
EV0308,2026-01-28,INT029,handoff,High,46772
EV0309,2026-01-29,INT036,exception,High,51870
EV0310,2026-01-30,INT020,launch,Low,41981
EV0311,2026-01-31,INT032,qa_check,Medium,25005
EV0312,2026-02-01,INT019,stakeholder_request,Low,51414
EV0313,2026-02-02,INT006,launch,Medium,22260
EV0314,2026-02-03,INT028,exception,Medium,20279
EV0315,2026-02-04,INT027,handoff,Medium,51219
EV0316,2026-02-05,INT005,experiment,High,861
EV0317,2026-02-06,INT022,handoff,Medium,8123
EV0318,2026-02-07,INT033,exception,Low,25480
EV0319,2026-02-08,INT030,qa_check,Medium,28809
EV0320,2026-02-09,INT017,qa_check,High,34172
EV0321,2026-02-10,INT011,handoff,Low,18878
EV0322,2026-02-11,INT024,experiment,Low,11589
EV0323,2026-02-12,INT008,qa_check,High,11074
EV0324,2026-02-13,INT036,exception,Low,24108
EV0325,2026-02-14,INT020,handoff,High,10885
EV0326,2026-02-15,INT026,exception,Low,2674
EV0327,2026-02-16,INT005,handoff,Low,51362
EV0328,2026-02-17,INT024,launch,Low,43846
EV0329,2026-02-18,INT025,stakeholder_request,High,45160
EV0330,2026-02-19,INT030,launch,High,44577
EV0331,2026-02-20,INT027,qa_check,Low,51792
EV0332,2026-02-21,INT031,qa_check,Medium,9699
EV0333,2026-02-22,INT002,qa_check,Medium,33103
EV0334,2026-02-23,INT013,qa_check,Low,2136
EV0335,2026-02-24,INT005,exception,High,23969
EV0336,2026-02-25,INT035,qa_check,Low,44834
EV0337,2026-02-26,INT020,handoff,Medium,48707
EV0338,2026-02-27,INT009,handoff,High,25905
EV0339,2026-02-28,INT034,qa_check,High,40707
EV0340,2026-03-01,INT015,experiment,Low,18995
EV0341,2026-03-02,INT028,qa_check,High,22782
EV0342,2026-03-03,INT031,stakeholder_request,Low,40369
EV0343,2026-03-04,INT008,exception,Medium,33242
EV0344,2026-03-05,INT014,launch,Low,15215
EV0345,2026-03-06,INT020,launch,Medium,3674
EV0346,2026-03-07,INT022,stakeholder_request,Low,4666
EV0347,2026-03-08,INT013,qa_check,High,51956
EV0348,2026-03-09,INT022,exception,Medium,24040
EV0349,2026-03-10,INT032,handoff,Low,5980
EV0350,2026-03-11,INT036,exception,High,18804
EV0351,2026-03-12,INT026,stakeholder_request,Low,12095
EV0352,2026-03-13,INT008,qa_check,Medium,49747
EV0353,2026-03-14,INT027,handoff,High,13771
EV0354,2026-03-15,INT009,experiment,Low,17881
EV0355,2026-03-16,INT021,experiment,High,5983
EV0356,2026-03-17,INT019,handoff,Medium,10558
EV0357,2026-03-18,INT033,stakeholder_request,Medium,35309
EV0358,2026-03-19,INT008,handoff,Medium,32803
EV0359,2026-03-20,INT031,exception,Low,48748
EV0360,2026-03-21,INT032,handoff,High,50868
EV0361,2026-03-22,INT027,launch,Low,3264
EV0362,2026-03-23,INT008,exception,High,39003
EV0363,2026-03-24,INT001,launch,Medium,30035
EV0364,2026-03-25,INT017,launch,Low,29452
EV0365,2026-03-26,INT034,stakeholder_request,Medium,35436
EV0366,2026-03-27,INT027,qa_check,High,11158
EV0367,2026-03-28,INT031,experiment,High,26228
EV0368,2026-03-29,INT003,stakeholder_request,Low,37695
EV0369,2026-03-30,INT019,qa_check,High,25972
EV0370,2026-03-31,INT012,exception,Low,29412
EV0371,2026-04-01,INT008,handoff,High,46165
EV0372,2026-04-02,INT035,experiment,High,42303
EV0373,2026-04-03,INT017,handoff,Low,9085
EV0374,2026-04-04,INT015,exception,High,25090
EV0375,2026-04-05,INT032,experiment,Medium,34362
EV0376,2026-04-06,INT023,qa_check,High,43027
EV0377,2026-04-07,INT021,handoff,High,7771
EV0378,2026-04-08,INT002,exception,Low,41420
EV0379,2026-04-09,INT017,stakeholder_request,Low,28729
EV0380,2026-04-10,INT025,qa_check,Medium,24375
EV0381,2026-04-11,INT014,experiment,Low,37031
EV0382,2026-04-12,INT030,qa_check,Medium,30750
EV0383,2026-04-13,INT003,handoff,Medium,9286
EV0384,2026-04-14,INT023,experiment,High,10339
EV0385,2026-04-15,INT030,qa_check,Medium,4088
EV0386,2026-04-16,INT020,exception,Low,12267
EV0387,2026-04-17,INT006,handoff,Medium,4388
EV0388,2026-04-18,INT022,qa_check,Medium,16108
EV0389,2026-04-19,INT005,launch,Low,20606
EV0390,2026-04-20,INT009,handoff,High,23718
EV0391,2026-04-21,INT017,handoff,Medium,42439
EV0392,2026-04-22,INT012,experiment,Low,51289
EV0393,2026-04-23,INT023,exception,High,45408
EV0394,2026-04-24,INT027,exception,Medium,21624
EV0395,2026-04-25,INT022,qa_check,Medium,610
EV0396,2026-04-26,INT029,experiment,High,20124
EV0397,2026-04-27,INT020,exception,High,42196
EV0398,2026-04-28,INT024,launch,Medium,39004
EV0399,2026-04-29,INT004,qa_check,Low,20063
EV0400,2026-04-30,INT008,exception,Medium,33713
EV0401,2026-05-01,INT030,experiment,Medium,34269
EV0402,2026-05-02,INT006,experiment,Medium,34090
EV0403,2026-05-03,INT002,stakeholder_request,Medium,45665
EV0404,2026-05-04,INT023,launch,Low,1225
EV0405,2026-05-05,INT033,handoff,Medium,4742
EV0406,2026-05-06,INT027,handoff,Medium,48048
EV0407,2026-05-07,INT035,launch,High,35207
EV0408,2026-05-08,INT034,qa_check,High,45127
EV0409,2026-05-09,INT024,handoff,Medium,2765
EV0410,2026-05-10,INT004,experiment,Low,2195
EV0411,2026-05-11,INT024,experiment,Medium,14128
EV0412,2026-05-12,INT022,exception,Medium,40892
EV0413,2026-05-13,INT001,launch,Medium,43740
EV0414,2026-05-14,INT033,launch,High,10220
EV0415,2026-05-15,INT036,handoff,High,27225
EV0416,2026-05-16,INT015,launch,Medium,32226
EV0417,2026-05-17,INT033,stakeholder_request,Low,9543
EV0418,2026-05-18,INT022,launch,High,20899
EV0419,2026-05-19,INT024,launch,High,38880
EV0420,2026-05-20,INT016,exception,Low,28284
EV0421,2026-01-01,INT002,launch,Low,12240
EV0422,2026-01-02,INT009,qa_check,Medium,27319
EV0423,2026-01-03,INT002,handoff,Low,39273
EV0424,2026-01-04,INT025,experiment,Low,6887
EV0425,2026-01-05,INT027,launch,Low,36807
EV0426,2026-01-06,INT012,stakeholder_request,High,18591
EV0427,2026-01-07,INT003,exception,Low,47606
EV0428,2026-01-08,INT003,exception,Low,20743
EV0429,2026-01-09,INT024,qa_check,Low,47347
EV0430,2026-01-10,INT020,launch,Low,34574
EV0431,2026-01-11,INT036,launch,Medium,12315
EV0432,2026-01-12,INT003,handoff,Medium,46165
EV0433,2026-01-13,INT028,experiment,Medium,41812
EV0434,2026-01-14,INT025,stakeholder_request,Medium,14590
EV0435,2026-01-15,INT002,handoff,Low,20295
EV0436,2026-01-16,INT024,experiment,Medium,37788
EV0437,2026-01-17,INT036,stakeholder_request,High,3720
EV0438,2026-01-18,INT012,experiment,Low,6644
EV0439,2026-01-19,INT021,stakeholder_request,High,42616
EV0440,2026-01-20,INT002,exception,Medium,34793
EV0441,2026-01-21,INT005,experiment,Low,8372
EV0442,2026-01-22,INT027,experiment,Low,16143
EV0443,2026-01-23,INT021,qa_check,Low,40743
EV0444,2026-01-24,INT020,stakeholder_request,Low,9619
EV0445,2026-01-25,INT022,qa_check,High,20074
EV0446,2026-01-26,INT027,exception,Medium,9117
EV0447,2026-01-27,INT022,exception,Medium,21250
EV0448,2026-01-28,INT012,handoff,Low,25687
EV0449,2026-01-29,INT012,exception,High,49853
EV0450,2026-01-30,INT013,launch,High,18430
EV0451,2026-01-31,INT022,exception,Low,39047
EV0452,2026-02-01,INT009,exception,High,34615
EV0453,2026-02-02,INT018,experiment,High,4178
EV0454,2026-02-03,INT027,handoff,Low,44010
EV0455,2026-02-04,INT026,handoff,Medium,46092
EV0456,2026-02-05,INT027,handoff,High,33940
EV0457,2026-02-06,INT014,qa_check,High,48676
EV0458,2026-02-07,INT036,exception,High,4558
EV0459,2026-02-08,INT002,launch,Medium,49112
EV0460,2026-02-09,INT019,stakeholder_request,High,18835
EV0461,2026-02-10,INT007,launch,High,44854
EV0462,2026-02-11,INT033,qa_check,Low,49772
EV0463,2026-02-12,INT021,experiment,Medium,9823
EV0464,2026-02-13,INT016,handoff,High,36828
EV0465,2026-02-14,INT027,experiment,Medium,16817
EV0466,2026-02-15,INT032,exception,Medium,48565
EV0467,2026-02-16,INT031,handoff,Low,2646
EV0468,2026-02-17,INT012,stakeholder_request,Medium,36519
EV0469,2026-02-18,INT020,qa_check,Low,51483
EV0470,2026-02-19,INT022,experiment,Medium,4281
EV0471,2026-02-20,INT030,handoff,Low,11929
EV0472,2026-02-21,INT026,launch,High,25302
EV0473,2026-02-22,INT012,exception,Low,44307
EV0474,2026-02-23,INT034,experiment,High,6417
EV0475,2026-02-24,INT028,stakeholder_request,Low,38163
EV0476,2026-02-25,INT028,qa_check,Medium,21083
EV0477,2026-02-26,INT036,qa_check,Low,11496
EV0478,2026-02-27,INT028,qa_check,High,27842
EV0479,2026-02-28,INT035,handoff,Medium,49701
EV0480,2026-03-01,INT002,stakeholder_request,Medium,3997
EV0481,2026-03-02,INT017,launch,Low,41731
EV0482,2026-03-03,INT028,experiment,Low,31012
EV0483,2026-03-04,INT022,launch,High,37480
EV0484,2026-03-05,INT010,exception,Medium,22627
EV0485,2026-03-06,INT013,experiment,High,41882
EV0486,2026-03-07,INT007,launch,Low,22693
EV0487,2026-03-08,INT020,qa_check,Low,18234
EV0488,2026-03-09,INT007,experiment,High,42725
EV0489,2026-03-10,INT035,qa_check,High,49230
EV0490,2026-03-11,INT025,qa_check,High,5677
EV0491,2026-03-12,INT005,qa_check,Medium,37719
EV0492,2026-03-13,INT013,exception,High,1928
EV0493,2026-03-14,INT034,stakeholder_request,Low,28683
EV0494,2026-03-15,INT009,launch,Medium,33500
EV0495,2026-03-16,INT001,exception,Low,19428
EV0496,2026-03-17,INT036,exception,Medium,18979
EV0497,2026-03-18,INT004,qa_check,Medium,30498
EV0498,2026-03-19,INT027,stakeholder_request,Low,7667
EV0499,2026-03-20,INT036,qa_check,Low,25308
EV0500,2026-03-21,INT028,stakeholder_request,Low,36444
EV0501,2026-03-22,INT016,experiment,Medium,38996
EV0502,2026-03-23,INT003,qa_check,High,41360
EV0503,2026-03-24,INT029,launch,Low,1486
EV0504,2026-03-25,INT023,exception,Low,29932
EV0505,2026-03-26,INT022,handoff,Low,27284
EV0506,2026-03-27,INT024,launch,High,50668
EV0507,2026-03-28,INT031,exception,High,38979
EV0508,2026-03-29,INT019,handoff,Low,11312
EV0509,2026-03-30,INT002,qa_check,High,11972
EV0510,2026-03-31,INT018,exception,Low,15298
EV0511,2026-04-01,INT009,stakeholder_request,Medium,16419
EV0512,2026-04-02,INT013,qa_check,High,31935
EV0513,2026-04-03,INT023,exception,Medium,4893
EV0514,2026-04-04,INT030,launch,High,33297
EV0515,2026-04-05,INT011,exception,Low,15268
EV0516,2026-04-06,INT027,handoff,Medium,31348
EV0517,2026-04-07,INT017,qa_check,Medium,16319
EV0518,2026-04-08,INT002,handoff,Low,15270
EV0519,2026-04-09,INT025,stakeholder_request,Low,14040
EV0520,2026-04-10,INT027,experiment,Medium,46519
EV0521,2026-04-11,INT029,stakeholder_request,Low,6684
EV0522,2026-04-12,INT016,exception,Medium,48099
EV0523,2026-04-13,INT033,qa_check,Medium,46017
EV0524,2026-04-14,INT029,stakeholder_request,High,9050
EV0525,2026-04-15,INT028,launch,High,44297
EV0526,2026-04-16,INT035,stakeholder_request,Medium,37661
EV0527,2026-04-17,INT014,launch,Low,47968
EV0528,2026-04-18,INT018,stakeholder_request,Low,5897
EV0529,2026-04-19,INT007,qa_check,Medium,51069
EV0530,2026-04-20,INT010,launch,Medium,21048
EV0531,2026-04-21,INT005,handoff,High,17871
EV0532,2026-04-22,INT011,stakeholder_request,High,25093
EV0533,2026-04-23,INT018,experiment,Medium,11723
EV0534,2026-04-24,INT008,exception,Medium,15285
EV0535,2026-04-25,INT022,launch,Medium,18126
EV0536,2026-04-26,INT019,launch,Medium,10460
EV0537,2026-04-27,INT012,experiment,Low,28518
EV0538,2026-04-28,INT032,handoff,High,20550
EV0539,2026-04-29,INT017,launch,Medium,24281
EV0540,2026-04-30,INT036,experiment,High,19333
EV0541,2026-05-01,INT023,qa_check,High,15466
EV0542,2026-05-02,INT014,experiment,Medium,23388
EV0543,2026-05-03,INT017,exception,Low,31242
EV0544,2026-05-04,INT035,handoff,Medium,19777
EV0545,2026-05-05,INT008,experiment,Medium,10553
EV0546,2026-05-06,INT019,stakeholder_request,Low,51438
EV0547,2026-05-07,INT010,experiment,Medium,5002
EV0548,2026-05-08,INT031,launch,Medium,48306
EV0549,2026-05-09,INT025,stakeholder_request,Low,24453
EV0550,2026-05-10,INT030,handoff,Medium,22144
EV0551,2026-05-11,INT007,experiment,High,40349
EV0552,2026-05-12,INT006,experiment,Medium,7100
EV0553,2026-05-13,INT010,stakeholder_request,Medium,43752
EV0554,2026-05-14,INT006,exception,Low,3477
EV0555,2026-05-15,INT035,experiment,Medium,3595
EV0556,2026-05-16,INT004,experiment,Medium,27727
EV0557,2026-05-17,INT020,stakeholder_request,Low,34163
EV0558,2026-05-18,INT022,exception,Medium,11156
EV0559,2026-05-19,INT028,launch,Medium,50785
EV0560,2026-05-20,INT023,stakeholder_request,High,10858
EV0561,2026-01-01,INT013,handoff,Medium,46746
EV0562,2026-01-02,INT014,stakeholder_request,Low,11861
EV0563,2026-01-03,INT031,experiment,Low,12923
EV0564,2026-01-04,INT004,experiment,Low,41491
EV0565,2026-01-05,INT021,stakeholder_request,Low,15130
EV0566,2026-01-06,INT018,qa_check,High,29458
EV0567,2026-01-07,INT012,launch,Medium,17190
EV0568,2026-01-08,INT005,experiment,High,31662
EV0569,2026-01-09,INT031,qa_check,Medium,16224
EV0570,2026-01-10,INT022,experiment,Medium,45213
EV0571,2026-01-11,INT006,stakeholder_request,Medium,26657
EV0572,2026-01-12,INT015,qa_check,High,32673
EV0573,2026-01-13,INT021,stakeholder_request,Low,15944
EV0574,2026-01-14,INT032,exception,High,1014
EV0575,2026-01-15,INT029,qa_check,Low,49512
EV0576,2026-01-16,INT021,exception,Medium,32301
EV0577,2026-01-17,INT020,handoff,High,26926
EV0578,2026-01-18,INT030,stakeholder_request,High,8587
EV0579,2026-01-19,INT005,stakeholder_request,Medium,39271
EV0580,2026-01-20,INT032,qa_check,Low,9527
EV0581,2026-01-21,INT031,stakeholder_request,High,8749
EV0582,2026-01-22,INT036,handoff,Low,43716
EV0583,2026-01-23,INT006,launch,High,1002
EV0584,2026-01-24,INT005,launch,Low,40744
EV0585,2026-01-25,INT025,exception,High,25649
EV0586,2026-01-26,INT030,launch,High,964
EV0587,2026-01-27,INT034,qa_check,High,46043
EV0588,2026-01-28,INT017,launch,High,45487
EV0589,2026-01-29,INT004,qa_check,Low,43743
EV0590,2026-01-30,INT023,launch,Medium,5888
EV0591,2026-01-31,INT012,exception,High,34717
EV0592,2026-02-01,INT006,experiment,Low,47140
EV0593,2026-02-02,INT034,launch,High,37244
EV0594,2026-02-03,INT004,launch,Medium,6259
EV0595,2026-02-04,INT027,launch,High,43056
EV0596,2026-02-05,INT014,experiment,High,21666
EV0597,2026-02-06,INT019,exception,Medium,43181
EV0598,2026-02-07,INT014,launch,Medium,32781
EV0599,2026-02-08,INT004,exception,Low,5517
EV0600,2026-02-09,INT006,exception,Medium,3818
EV0601,2026-02-10,INT019,experiment,Low,10117
EV0602,2026-02-11,INT028,launch,Medium,47812
EV0603,2026-02-12,INT020,qa_check,Low,27199
EV0604,2026-02-13,INT002,experiment,Low,38859
EV0605,2026-02-14,INT027,experiment,High,7369
EV0606,2026-02-15,INT019,exception,Low,51578
EV0607,2026-02-16,INT012,qa_check,High,26567
EV0608,2026-02-17,INT034,launch,High,31285
EV0609,2026-02-18,INT036,stakeholder_request,High,22227
EV0610,2026-02-19,INT025,experiment,Low,33896
EV0611,2026-02-20,INT017,handoff,High,47665
EV0612,2026-02-21,INT001,stakeholder_request,High,5539
EV0613,2026-02-22,INT030,launch,High,14671
EV0614,2026-02-23,INT036,qa_check,Medium,28890
EV0615,2026-02-24,INT027,qa_check,Low,5838
EV0616,2026-02-25,INT016,qa_check,High,6230
EV0617,2026-02-26,INT015,handoff,Low,23591
EV0618,2026-02-27,INT018,stakeholder_request,Medium,15212
EV0619,2026-02-28,INT016,handoff,Medium,51451
EV0620,2026-03-01,INT005,handoff,High,49857
EV0621,2026-03-02,INT012,exception,High,15505
EV0622,2026-03-03,INT018,experiment,High,22259
EV0623,2026-03-04,INT003,experiment,Medium,6605
EV0624,2026-03-05,INT028,handoff,High,25020
EV0625,2026-03-06,INT012,qa_check,Medium,42278
EV0626,2026-03-07,INT014,handoff,Low,30393
EV0627,2026-03-08,INT015,qa_check,Low,37859
EV0628,2026-03-09,INT015,experiment,High,4647
EV0629,2026-03-10,INT008,handoff,Medium,38341
EV0630,2026-03-11,INT014,qa_check,Low,25657
EV0631,2026-03-12,INT036,qa_check,Low,41446
EV0632,2026-03-13,INT014,launch,Low,43203
EV0633,2026-03-14,INT024,qa_check,Low,29911
EV0634,2026-03-15,INT014,exception,Low,2997
EV0635,2026-03-16,INT010,exception,Medium,6996
EV0636,2026-03-17,INT003,exception,Low,25420
EV0637,2026-03-18,INT035,handoff,Medium,35208
EV0638,2026-03-19,INT027,stakeholder_request,Low,20982
EV0639,2026-03-20,INT004,handoff,Medium,20748
EV0640,2026-03-21,INT028,experiment,Medium,30006
EV0641,2026-03-22,INT032,exception,Low,16172
EV0642,2026-03-23,INT005,experiment,Low,50518
EV0643,2026-03-24,INT031,launch,Medium,11274
EV0644,2026-03-25,INT018,stakeholder_request,High,23869
EV0645,2026-03-26,INT017,experiment,Medium,36186
EV0646,2026-03-27,INT012,launch,High,29568
EV0647,2026-03-28,INT036,stakeholder_request,High,10197
EV0648,2026-03-29,INT027,handoff,Low,19835
EV0649,2026-03-30,INT030,exception,Medium,5792
EV0650,2026-03-31,INT002,experiment,High,20874
EV0651,2026-04-01,INT001,exception,High,909
EV0652,2026-04-02,INT012,handoff,Medium,28365
EV0653,2026-04-03,INT001,launch,Low,46411
EV0654,2026-04-04,INT025,experiment,Medium,9172
EV0655,2026-04-05,INT007,exception,Medium,24788
EV0656,2026-04-06,INT009,launch,High,9276
EV0657,2026-04-07,INT030,handoff,Low,30061
EV0658,2026-04-08,INT008,qa_check,Medium,7415
EV0659,2026-04-09,INT016,launch,High,29921
EV0660,2026-04-10,INT015,stakeholder_request,Low,29459
EV0661,2026-04-11,INT018,launch,High,46076
EV0662,2026-04-12,INT034,handoff,Low,8487
EV0663,2026-04-13,INT005,handoff,Medium,28819
EV0664,2026-04-14,INT017,exception,High,8596
EV0665,2026-04-15,INT024,experiment,Low,43822
EV0666,2026-04-16,INT014,experiment,Low,39922
EV0667,2026-04-17,INT032,experiment,High,50137
EV0668,2026-04-18,INT027,exception,Medium,31382
EV0669,2026-04-19,INT005,experiment,Medium,41924
EV0670,2026-04-20,INT001,qa_check,High,12630
EV0671,2026-04-21,INT011,exception,Low,38894
EV0672,2026-04-22,INT029,stakeholder_request,Low,41740
EV0673,2026-04-23,INT021,stakeholder_request,High,28473
EV0674,2026-04-24,INT004,launch,High,33105
EV0675,2026-04-25,INT035,experiment,Medium,14187
EV0676,2026-04-26,INT020,qa_check,Low,545
EV0677,2026-04-27,INT022,launch,Low,15756
EV0678,2026-04-28,INT018,experiment,High,46151
EV0679,2026-04-29,INT002,exception,Medium,20919
EV0680,2026-04-30,INT029,launch,Medium,43335
EV0681,2026-05-01,INT009,exception,Medium,43467
EV0682,2026-05-02,INT019,launch,Medium,44101
EV0683,2026-05-03,INT011,launch,High,30006
EV0684,2026-05-04,INT010,qa_check,Medium,20037
EV0685,2026-05-05,INT003,launch,Low,27428
EV0686,2026-05-06,INT025,qa_check,High,18530
EV0687,2026-05-07,INT027,exception,Low,44607
EV0688,2026-05-08,INT010,stakeholder_request,High,13184
EV0689,2026-05-09,INT030,experiment,High,20310
EV0690,2026-05-10,INT020,qa_check,High,14979
EV0691,2026-05-11,INT017,launch,Medium,51833
EV0692,2026-05-12,INT021,launch,Low,32130
EV0693,2026-05-13,INT008,qa_check,Medium,8849
EV0694,2026-05-14,INT020,experiment,Low,33174
EV0695,2026-05-15,INT023,launch,High,25975
EV0696,2026-05-16,INT007,stakeholder_request,High,16273
EV0697,2026-05-17,INT032,stakeholder_request,Low,20065
EV0698,2026-05-18,INT029,launch,High,30239
EV0699,2026-05-19,INT036,experiment,Low,34714
EV0700,2026-05-20,INT010,stakeholder_request,Low,44272
EV0701,2026-01-01,INT002,experiment,High,21482
EV0702,2026-01-02,INT031,stakeholder_request,High,26922
EV0703,2026-01-03,INT036,launch,High,36345
EV0704,2026-01-04,INT028,stakeholder_request,High,28267
EV0705,2026-01-05,INT016,handoff,Medium,27348
EV0706,2026-01-06,INT021,launch,Low,7809
EV0707,2026-01-07,INT012,stakeholder_request,High,37496
EV0708,2026-01-08,INT014,handoff,Low,26094
EV0709,2026-01-09,INT004,experiment,High,50348
EV0710,2026-01-10,INT034,launch,Low,27543
EV0711,2026-01-11,INT036,handoff,High,44843
EV0712,2026-01-12,INT013,experiment,Low,38508
EV0713,2026-01-13,INT002,qa_check,Medium,1831
EV0714,2026-01-14,INT031,experiment,Low,8045
EV0715,2026-01-15,INT033,launch,Medium,16833
EV0716,2026-01-16,INT008,experiment,High,12403
EV0717,2026-01-17,INT013,launch,Medium,4020
EV0718,2026-01-18,INT035,exception,Medium,50733
EV0719,2026-01-19,INT030,handoff,High,21400
EV0720,2026-01-20,INT022,stakeholder_request,High,50022
EV0721,2026-01-21,INT024,launch,Medium,32739
EV0722,2026-01-22,INT014,qa_check,Medium,27737
EV0723,2026-01-23,INT004,qa_check,Low,33185
EV0724,2026-01-24,INT006,stakeholder_request,High,51688
EV0725,2026-01-25,INT008,qa_check,Medium,23626
EV0726,2026-01-26,INT025,qa_check,High,48621
EV0727,2026-01-27,INT020,handoff,Low,39753
EV0728,2026-01-28,INT010,experiment,Medium,28012
EV0729,2026-01-29,INT022,launch,High,29853
EV0730,2026-01-30,INT021,launch,High,51600
EV0731,2026-01-31,INT008,experiment,Medium,44814
EV0732,2026-02-01,INT032,experiment,Low,51619
EV0733,2026-02-02,INT021,launch,Medium,19349
EV0734,2026-02-03,INT025,exception,Low,12762
EV0735,2026-02-04,INT009,launch,High,19941
EV0736,2026-02-05,INT013,exception,Low,2861
EV0737,2026-02-06,INT030,handoff,High,32510
EV0738,2026-02-07,INT019,handoff,Medium,783
EV0739,2026-02-08,INT021,qa_check,Medium,10788
EV0740,2026-02-09,INT010,stakeholder_request,Medium,36543
EV0741,2026-02-10,INT029,launch,Low,30926
EV0742,2026-02-11,INT006,exception,Low,25645
EV0743,2026-02-12,INT034,handoff,Low,37310
EV0744,2026-02-13,INT004,exception,Low,18633
EV0745,2026-02-14,INT021,handoff,Medium,3598
EV0746,2026-02-15,INT002,handoff,High,41860
EV0747,2026-02-16,INT015,experiment,Medium,45480
EV0748,2026-02-17,INT012,launch,Low,44487
EV0749,2026-02-18,INT023,handoff,Low,21652
EV0750,2026-02-19,INT036,qa_check,High,3185
EV0751,2026-02-20,INT020,stakeholder_request,Low,13509
EV0752,2026-02-21,INT033,experiment,Low,30068
EV0753,2026-02-22,INT024,exception,High,35562
EV0754,2026-02-23,INT026,qa_check,Low,20340
EV0755,2026-02-24,INT032,experiment,Medium,6566
EV0756,2026-02-25,INT013,experiment,Medium,24160
EV0757,2026-02-26,INT013,stakeholder_request,Medium,32871
EV0758,2026-02-27,INT031,launch,Low,3729
EV0759,2026-02-28,INT001,handoff,Medium,25494
EV0760,2026-03-01,INT014,experiment,Low,5591
